{
  "providers": [
    {
      "id": "prov-1764757814234",
      "name": "test",
      "loginUrl": "",
      "username": "1231sadasdassadsadsadsasdsadasdasdss",
      "password": "enc:gcm:FhqPguysaGXsyT0N:QQqX8CogGH4Aq7srQunH6Q==:h6mQxg==",
      "categories": [
        "server"
      ],
      "paymentMethod": "Other",
      "paymentAccount": "99911188989812",
      "hasPassword": true
    }
  ],
  "servers": [
    {
      "id": "srv-1764756546052",
      "name": "test",
      "ip": "124.237.177.164",
      "provider": "aliyun",
      "region": "hk",
      "os": "centos",
      "status": "running",
      "expirationDate": "2026-01-02",
      "cpu": "2",
      "ram": "4",
      "disk": "",
      "sshPort": "22",
      "sshUsername": "root",
      "providerUrl": "https://aliyun.com",
      "providerUsername": "admin@aliyun.com",
      "panelUrl": "http://baidu.com",
      "username": "adminuser",
      "notes": "ces ces des",
      "providerNotes": "ces asd asd ",
      "hasPassword": true,
      "hasSshPassword": true,
      "hasProviderPassword": true,
      "sshPassword": "enc:gcm:Vy30U+GNZjgVP9gR:R/o3AD5MObixAcY57hojtw==:aYDetqB9",
      "password": "enc:gcm:a1hoDq+xIhP94RhA:OB9W4xAnM9cqYCJjmp+sZQ==:lul0dm++421tvlI=",
      "providerPassword": "enc:gcm:KHr4vrVxElMsumBW:QddW4qaRnKWBcMFwel0eCg==:p1Ulj93D",
      "lastPingMs": 88
    }
  ],
  "domains": [
    {
      "id": "dom-1764759174960",
      "name": "123adadsadssdsdsadas.com",
      "registrar": "asdasdsadasdasdsdasasdasasds",
      "dnsProvider": "",
      "expirationDate": "9999-01-01",
      "autoRenew": true,
      "records": [],
      "status": null,
      "state": "no_dns"
    }
  ],
  "settings": {
    "dnsApiProvider": "cloudflare",
    "dnsFailover": true,
    "whoisApiBaseUrl": "https://api.whoisproxy.info/whois",
    "whoisApiKey": "",
    "whoisApiMethod": "POST",
    "serverAutoCheckEnabled": false,
    "serverAutoCheckIntervalHours": 6,
    "domainAutoCheckEnabled": false,
    "domainAutoCheckFrequency": "daily",
    "serverAutoCheckLastAt": 0,
    "domainAutoCheckLastAt": 0,
    "notifications": {
      "bark": {
        "enabled": false,
        "serverUrl": "https://api.day.app",
        "key": ""
      },
      "smtp": {
        "enabled": false,
        "host": "smtp.gmail.com",
        "port": 587,
        "username": "",
        "password": "",
        "fromEmail": ""
      }
    }
  }
}