{
  "providers": [],
  "servers": [
    {
      "id": "srv-1764755236463",
      "name": "test1",
      "ip": "182.168.5.28",
      "provider": "alibaba",
      "region": "",
      "os": "ubuntu222",
      "status": "running",
      "expirationDate": "2025-12-12",
      "cpu": "2",
      "ram": "4",
      "disk": "",
      "sshPort": "22",
      "sshUsername": "root",
      "providerUrl": "https://aliyun.com",
      "providerUsername": "admin@qq.com",
      "providerPassword": "zz213344",
      "providerNotes": "cash",
      "panelUrl": "http://baidu.com",
      "username": "admin",
      "password": "secret123",
      "sshPassword": "sshpasswd"
    }
  ],
  "domains": [],
  "settings": {
    "dnsApiProvider": "cloudflare",
    "dnsFailover": true,
    "whoisApiBaseUrl": "https://api.whoisproxy.info/whois",
    "whoisApiKey": "",
    "whoisApiMethod": "POST",
    "serverAutoCheckEnabled": false,
    "serverAutoCheckIntervalHours": 6,
    "domainAutoCheckEnabled": false,
    "domainAutoCheckFrequency": "daily",
    "serverAutoCheckLastAt": 0,
    "domainAutoCheckLastAt": 0,
    "notifications": {
      "bark": {
        "enabled": false,
        "serverUrl": "https://api.day.app",
        "key": ""
      },
      "smtp": {
        "enabled": false,
        "host": "smtp.gmail.com",
        "port": 587,
        "username": "",
        "password": "",
        "fromEmail": ""
      }
    }
  }
}