{
  "providers": [],
  "servers": [
    {
      "id": "srv-1764782693168",
      "name": "122434",
      "ip": "128.22.12.12",
      "provider": "",
      "region": "",
      "os": "",
      "status": "stopped",
      "expirationDate": "",
      "cpu": "",
      "ram": "",
      "disk": "",
      "sshPort": "22",
      "sshUsername": "root",
      "hasPassword": false,
      "hasSshPassword": false,
      "hasProviderPassword": false,
      "lastPingMs": null
    },
    {
      "id": "srv-1764782774637",
      "name": "fuzhi",
      "ip": "123.123.123.123",
      "provider": "",
      "region": "",
      "os": "",
      "status": "stopped",
      "expirationDate": "",
      "cpu": "",
      "ram": "",
      "disk": "",
      "sshPort": "22",
      "sshUsername": "root",
      "hasPassword": false,
      "hasSshPassword": false,
      "hasProviderPassword": false,
      "lastPingMs": null
    }
  ],
  "domains": [
    {
      "id": "dom-1764784433840",
      "name": "testinvite.cn",
      "registrar": "",
      "dnsProvider": "",
      "expirationDate": "2022-01-19",
      "autoRenew": true,
      "records": [],
      "status": null,
      "state": "no_dns"
    }
  ],
  "settings": {
    "dnsApiProvider": "cloudflare",
    "dnsFailover": true,
    "whoisApiBaseUrl": "https://api.whoisproxy.info/whois",
    "whoisApiKey": "enc:gcm:XbA9HtOA0w29jgXG:AphMpeWg5tfDYCtqarbzkw==:20+XKw==",
    "whoisApiMethod": "POST",
    "serverAutoCheckEnabled": false,
    "serverAutoCheckIntervalHours": 6,
    "domainAutoCheckEnabled": false,
    "domainAutoCheckFrequency": "daily",
    "serverAutoCheckLastAt": 0,
    "domainAutoCheckLastAt": 0,
    "notifications": {
      "bark": {
        "enabled": false,
        "serverUrl": "https://api.day.app",
        "key": ""
      },
      "smtp": {
        "enabled": false,
        "host": "smtp.gmail.com",
        "port": 587,
        "username": "",
        "password": "",
        "fromEmail": ""
      },
      "preferences": {
        "notifyServerDown": true,
        "notifyDomainExpiring": true
      }
    },
    "actionButtonsLayout": "floating",
    "hasWhoisApiKey": true
  }
}